timestamp,placa,device_id,condicion,repeticion,dht_real,dht_detectado,dht_state,dht_resultado,soil_real,soil_detectado,soil_state,soil_resultado,duracion_s
2026-09-27T20:59:14,A,ESP32_55A724,agua,1,15,15,detected,TP,34,34,detected,TP,1.13
2026-09-27T20:59:15,A,ESP32_55A724,agua,2,15,15,detected,TP,34,34,detected,TP,1.13
2026-09-27T20:59:16,A,ESP32_55A724,agua,3,15,15,detected,TP,34,34,detected,TP,1.13
2026-09-27T20:59:17,A,ESP32_55A724,agua,4,15,15,detected,TP,34,34,detected,TP,1.13
2026-09-27T20:59:18,A,ESP32_55A724,agua,5,15,15,detected,TP,34,34,detected,TP,1.13
2026-09-27T20:59:20,A,ESP32_55A724,agua,6,15,15,detected,TP,34,34,detected,TP,1.13
2026-09-27T20:59:21,A,ESP32_55A724,agua,7,15,15,detected,TP,34,34,detected,TP,1.13
2026-09-27T20:59:22,A,ESP32_55A724,agua,8,15,15,detected,TP,34,34,detected,TP,1.13
2026-09-27T20:59:23,A,ESP32_55A724,agua,9,15,15,detected,TP,34,34,detected,TP,1.13
2026-09-27T20:59:24,A,ESP32_55A724,agua,10,15,15,detected,TP,34,34,detected,TP,1.13
2026-09-27T20:59:25,A,ESP32_55A724,agua,11,15,15,detected,TP,34,34,detected,TP,1.13
2026-09-27T20:59:26,A,ESP32_55A724,agua,12,15,15,detected,TP,34,34,detected,TP,1.13
2026-09-27T20:59:27,A,ESP32_55A724,agua,13,15,15,detected,TP,34,34,detected,TP,1.13
2026-09-27T20:59:29,A,ESP32_55A724,agua,14,15,15,detected,TP,34,34,detected,TP,1.13
2026-09-27T20:59:30,A,ESP32_55A724,agua,15,15,15,detected,TP,34,34,detected,TP,1.13
2026-09-27T20:59:31,A,ESP32_55A724,agua,16,15,15,detected,TP,34,34,detected,TP,1.13
2026-09-27T20:59:32,A,ESP32_55A724,agua,17,15,15,detected,TP,34,34,detected,TP,1.13
2026-09-27T20:59:33,A,ESP32_55A724,agua,18,15,15,detected,TP,34,34,detected,TP,1.13
2026-09-27T20:59:34,A,ESP32_55A724,agua,19,15,15,detected,TP,34,34,detected,TP,1.13
2026-09-27T20:59:35,A,ESP32_55A724,agua,20,15,15,detected,TP,34,34,detected,TP,1.13
2026-09-27T21:02:36,A,ESP32_55A724,aire_seco,1,15,15,detected,TP,34,-1,not_found,FN,1.13
2026-09-27T21:02:37,A,ESP32_55A724,aire_seco,2,15,15,detected,TP,34,-1,not_found,FN,1.13
2026-09-27T21:02:38,A,ESP32_55A724,aire_seco,3,15,15,detected,TP,34,-1,not_found,FN,1.13
2026-09-27T21:02:39,A,ESP32_55A724,aire_seco,4,15,15,detected,TP,34,-1,not_found,FN,1.13
2026-09-27T21:02:40,A,ESP32_55A724,aire_seco,5,15,15,detected,TP,34,-1,not_found,FN,1.13
2026-09-27T21:02:41,A,ESP32_55A724,aire_seco,6,15,15,detected,TP,34,-1,not_found,FN,1.13
2026-09-27T21:02:42,A,ESP32_55A724,aire_seco,7,15,15,detected,TP,34,-1,not_found,FN,1.13
2026-09-27T21:02:44,A,ESP32_55A724,aire_seco,8,15,15,detected,TP,34,-1,not_found,FN,1.13
2026-09-27T21:02:45,A,ESP32_55A724,aire_seco,9,15,15,detected,TP,34,-1,not_found,FN,1.13
2026-09-27T21:02:46,A,ESP32_55A724,aire_seco,10,15,15,detected,TP,34,-1,not_found,FN,1.13
2026-09-27T21:02:47,A,ESP32_55A724,aire_seco,11,15,15,detected,TP,34,-1,not_found,FN,1.13
2026-09-27T21:02:48,A,ESP32_55A724,aire_seco,12,15,15,detected,TP,34,-1,not_found,FN,1.13
2026-09-27T21:02:49,A,ESP32_55A724,aire_seco,13,15,15,detected,TP,34,-1,not_found,FN,1.13
2026-09-27T21:02:50,A,ESP32_55A724,aire_seco,14,15,15,detected,TP,34,-1,not_found,FN,1.13
2026-09-27T21:02:51,A,ESP32_55A724,aire_seco,15,15,15,detected,TP,34,-1,not_found,FN,1.13
2026-09-27T21:02:53,A,ESP32_55A724,aire_seco,16,15,15,detected,TP,34,-1,not_found,FN,1.13
2026-09-27T21:02:54,A,ESP32_55A724,aire_seco,17,15,15,detected,TP,34,-1,not_found,FN,1.13
2026-09-27T21:02:55,A,ESP32_55A724,aire_seco,18,15,15,detected,TP,34,-1,not_found,FN,1.13
2026-09-27T21:02:56,A,ESP32_55A724,aire_seco,19,15,15,detected,TP,34,-1,not_found,FN,1.13
2026-09-27T21:02:57,A,ESP32_55A724,aire_seco,20,15,15,detected,TP,34,-1,not_found,FN,1.13
2026-09-27T21:05:13,A,ESP32_55A724,aire_seco,1,15,15,detected,TP,34,-1,not_found,FN,1.13
2026-09-27T21:05:14,A,ESP32_55A724,aire_seco,2,15,15,detected,TP,34,-1,not_found,FN,1.13
2026-09-27T21:05:15,A,ESP32_55A724,aire_seco,3,15,15,detected,TP,34,-1,not_found,FN,1.13
2026-09-27T21:05:16,A,ESP32_55A724,aire_seco,4,15,15,detected,TP,34,-1,not_found,FN,1.13
2026-09-27T21:05:17,A,ESP32_55A724,aire_seco,5,15,15,detected,TP,34,-1,not_found,FN,1.13
2026-09-27T21:05:19,A,ESP32_55A724,aire_seco,6,15,15,detected,TP,34,-1,not_found,FN,1.13
2026-09-27T21:05:20,A,ESP32_55A724,aire_seco,7,15,15,detected,TP,34,-1,not_found,FN,1.13
2026-09-27T21:05:21,A,ESP32_55A724,aire_seco,8,15,15,detected,TP,34,-1,not_found,FN,1.13
2026-09-27T21:05:22,A,ESP32_55A724,aire_seco,9,15,15,detected,TP,34,-1,not_found,FN,1.13
2026-09-27T21:05:23,A,ESP32_55A724,aire_seco,10,15,15,detected,TP,34,-1,not_found,FN,1.13
2026-09-27T21:05:24,A,ESP32_55A724,aire_seco,11,15,15,detected,TP,34,-1,not_found,FN,1.13
2026-09-27T21:05:25,A,ESP32_55A724,aire_seco,12,15,15,detected,TP,34,-1,not_found,FN,1.13
2026-09-27T21:05:26,A,ESP32_55A724,aire_seco,13,15,15,detected,TP,34,-1,not_found,FN,1.13
2026-09-27T21:05:28,A,ESP32_55A724,aire_seco,14,15,15,detected,TP,34,-1,not_found,FN,1.13
2026-09-27T21:05:29,A,ESP32_55A724,aire_seco,15,15,15,detected,TP,34,-1,not_found,FN,1.13
2026-09-27T21:05:30,A,ESP32_55A724,aire_seco,16,15,15,detected,TP,34,-1,not_found,FN,1.13
2026-09-27T21:05:31,A,ESP32_55A724,aire_seco,17,15,15,detected,TP,34,-1,not_found,FN,1.13
2026-09-27T21:05:32,A,ESP32_55A724,aire_seco,18,15,15,detected,TP,34,-1,not_found,FN,1.13
2026-09-27T21:05:33,A,ESP32_55A724,aire_seco,19,15,15,detected,TP,34,-1,not_found,FN,1.13
2026-09-27T21:05:34,A,ESP32_55A724,aire_seco,20,15,15,detected,TP,34,-1,not_found,FN,1.13
2026-09-27T21:06:29,A,ESP32_55A724,sin_suelo,1,15,15,detected,TP,-1,-1,not_found,TN,1.13
2026-09-27T21:06:30,A,ESP32_55A724,sin_suelo,2,15,15,detected,TP,-1,-1,not_found,TN,1.13
2026-09-27T21:06:31,A,ESP32_55A724,sin_suelo,3,15,15,detected,TP,-1,-1,not_found,TN,1.13
2026-09-27T21:06:32,A,ESP32_55A724,sin_suelo,4,15,15,detected,TP,-1,-1,not_found,TN,1.13
2026-09-27T21:06:33,A,ESP32_55A724,sin_suelo,5,15,15,detected,TP,-1,-1,not_found,TN,1.13
2026-09-27T21:06:34,A,ESP32_55A724,sin_suelo,6,15,15,detected,TP,-1,-1,not_found,TN,1.13
2026-09-27T21:06:35,A,ESP32_55A724,sin_suelo,7,15,15,detected,TP,-1,-1,not_found,TN,1.13
2026-09-27T21:06:37,A,ESP32_55A724,sin_suelo,8,15,15,detected,TP,-1,-1,not_found,TN,1.13
2026-09-27T21:06:38,A,ESP32_55A724,sin_suelo,9,15,15,detected,TP,-1,-1,not_found,TN,1.13
2026-09-27T21:06:39,A,ESP32_55A724,sin_suelo,10,15,15,detected,TP,-1,-1,not_found,TN,1.13
2026-09-27T21:06:40,A,ESP32_55A724,sin_suelo,11,15,15,detected,TP,-1,-1,not_found,TN,1.13
2026-09-27T21:06:41,A,ESP32_55A724,sin_suelo,12,15,15,detected,TP,-1,-1,not_found,TN,1.13
2026-09-27T21:06:42,A,ESP32_55A724,sin_suelo,13,15,15,detected,TP,-1,-1,not_found,TN,1.13
2026-09-27T21:06:43,A,ESP32_55A724,sin_suelo,14,15,15,detected,TP,-1,-1,not_found,TN,1.13
2026-09-27T21:06:44,A,ESP32_55A724,sin_suelo,15,15,15,detected,TP,-1,-1,not_found,TN,1.13
2026-09-27T21:06:46,A,ESP32_55A724,sin_suelo,16,15,15,detected,TP,-1,-1,not_found,TN,1.13
2026-09-27T21:06:47,A,ESP32_55A724,sin_suelo,17,15,15,detected,TP,-1,-1,not_found,TN,1.13
2026-09-27T21:06:48,A,ESP32_55A724,sin_suelo,18,15,15,detected,TP,-1,-1,not_found,TN,1.13
2026-09-27T21:06:49,A,ESP32_55A724,sin_suelo,19,15,15,detected,TP,-1,-1,not_found,TN,1.13
2026-09-27T21:06:50,A,ESP32_55A724,sin_suelo,20,15,15,detected,TP,-1,-1,not_found,TN,1.12
2026-09-27T21:09:23,A,ESP32_55A724,sin_sensores,1,-1,-1,not_found,TN,-1,-1,not_found,TN,23.32
2026-09-27T21:09:46,A,ESP32_55A724,sin_sensores,2,-1,-1,not_found,TN,-1,-1,not_found,TN,23.33
2026-09-27T21:10:09,A,ESP32_55A724,sin_sensores,3,-1,-1,not_found,TN,-1,-1,not_found,TN,23.33
2026-09-27T21:10:33,A,ESP32_55A724,sin_sensores,4,-1,-1,not_found,TN,-1,-1,not_found,TN,23.32
2026-09-27T21:10:56,A,ESP32_55A724,sin_sensores,5,-1,-1,not_found,TN,-1,-1,not_found,TN,23.32
2026-09-27T21:11:19,A,ESP32_55A724,sin_sensores,6,-1,-1,not_found,TN,-1,-1,not_found,TN,23.32
2026-09-27T21:11:43,A,ESP32_55A724,sin_sensores,7,-1,-1,not_found,TN,-1,-1,not_found,TN,23.32
2026-09-27T21:12:06,A,ESP32_55A724,sin_sensores,8,-1,-1,not_found,TN,-1,-1,not_found,TN,23.32
2026-09-27T21:12:29,A,ESP32_55A724,sin_sensores,9,-1,-1,not_found,TN,-1,-1,not_found,TN,23.32
2026-09-27T21:12:53,A,ESP32_55A724,sin_sensores,10,-1,-1,not_found,TN,-1,-1,not_found,TN,23.32
2026-09-27T21:13:16,A,ESP32_55A724,sin_sensores,11,-1,-1,not_found,TN,-1,-1,not_found,TN,23.32
2026-09-27T21:13:39,A,ESP32_55A724,sin_sensores,12,-1,-1,not_found,TN,-1,-1,not_found,TN,23.32
2026-09-27T21:14:03,A,ESP32_55A724,sin_sensores,13,-1,-1,not_found,TN,-1,-1,not_found,TN,23.32
2026-09-27T21:14:26,A,ESP32_55A724,sin_sensores,14,-1,-1,not_found,TN,-1,-1,not_found,TN,23.32
2026-09-27T21:14:49,A,ESP32_55A724,sin_sensores,15,-1,-1,not_found,TN,-1,-1,not_found,TN,23.32
2026-09-27T21:15:13,A,ESP32_55A724,sin_sensores,16,-1,-1,not_found,TN,-1,-1,not_found,TN,23.33
2026-09-27T21:15:36,A,ESP32_55A724,sin_sensores,17,-1,-1,not_found,TN,-1,-1,not_found,TN,23.32
2026-09-27T21:15:59,A,ESP32_55A724,sin_sensores,18,-1,-1,not_found,TN,-1,-1,not_found,TN,23.32
2026-09-27T21:16:23,A,ESP32_55A724,sin_sensores,19,-1,-1,not_found,TN,-1,-1,not_found,TN,23.33
2026-09-27T21:16:46,A,ESP32_55A724,sin_sensores,20,-1,-1,not_found,TN,-1,-1,not_found,TN,23.33
2026-09-27T21:20:07,A,ESP32_55A724,dht_gpio4,1,4,4,detected,TP,34,34,detected,TP,2.44
2026-09-27T21:20:10,A,ESP32_55A724,dht_gpio4,2,4,4,detected,TP,34,34,detected,TP,2.44
2026-09-27T21:20:12,A,ESP32_55A724,dht_gpio4,3,4,4,detected,TP,34,34,detected,TP,2.44
2026-09-27T21:20:15,A,ESP32_55A724,dht_gpio4,4,4,4,detected,TP,34,34,detected,TP,2.44
2026-09-27T21:20:17,A,ESP32_55A724,dht_gpio4,5,4,4,detected,TP,34,34,detected,TP,2.44
2026-09-27T21:20:20,A,ESP32_55A724,dht_gpio4,6,4,4,detected,TP,34,34,detected,TP,2.44
2026-09-27T21:20:22,A,ESP32_55A724,dht_gpio4,7,4,4,detected,TP,34,34,detected,TP,2.44
2026-09-27T21:20:24,A,ESP32_55A724,dht_gpio4,8,4,4,detected,TP,34,34,detected,TP,2.44
2026-09-27T21:20:27,A,ESP32_55A724,dht_gpio4,9,4,4,detected,TP,34,34,detected,TP,2.44
2026-09-27T21:20:29,A,ESP32_55A724,dht_gpio4,10,4,4,detected,TP,34,34,detected,TP,2.44
2026-09-27T21:20:32,A,ESP32_55A724,dht_gpio4,11,4,4,detected,TP,34,34,detected,TP,2.44
2026-09-27T21:20:34,A,ESP32_55A724,dht_gpio4,12,4,4,detected,TP,34,34,detected,TP,2.44
2026-09-27T21:20:37,A,ESP32_55A724,dht_gpio4,13,4,4,detected,TP,34,34,detected,TP,2.44
2026-09-27T21:20:39,A,ESP32_55A724,dht_gpio4,14,4,4,detected,TP,34,34,detected,TP,2.44
2026-09-27T21:20:42,A,ESP32_55A724,dht_gpio4,15,4,4,detected,TP,34,34,detected,TP,2.44
2026-09-27T21:20:44,A,ESP32_55A724,dht_gpio4,16,4,4,detected,TP,34,34,detected,TP,2.44
2026-09-27T21:20:46,A,ESP32_55A724,dht_gpio4,17,4,4,detected,TP,34,34,detected,TP,2.44
2026-09-27T21:20:49,A,ESP32_55A724,dht_gpio4,18,4,4,detected,TP,34,34,detected,TP,2.44
2026-09-27T21:20:51,A,ESP32_55A724,dht_gpio4,19,4,4,detected,TP,34,34,detected,TP,2.44
2026-09-27T21:20:54,A,ESP32_55A724,dht_gpio4,20,4,4,detected,TP,34,34,detected,TP,2.44
2026-09-27T21:23:05,A,ESP32_55A724,dht_gpio27,1,27,27,detected,TP,34,34,detected,TP,19.46
2026-09-27T21:23:25,A,ESP32_55A724,dht_gpio27,2,27,27,detected,TP,34,34,detected,TP,19.46
2026-09-27T21:23:44,A,ESP32_55A724,dht_gpio27,3,27,27,detected,TP,34,34,detected,TP,19.46
2026-09-27T21:24:04,A,ESP32_55A724,dht_gpio27,4,27,27,detected,TP,34,34,detected,TP,19.46
2026-09-27T21:24:23,A,ESP32_55A724,dht_gpio27,5,27,27,detected,TP,34,34,detected,TP,19.46
2026-09-27T21:24:43,A,ESP32_55A724,dht_gpio27,6,27,27,detected,TP,34,34,detected,TP,19.45
2026-09-27T21:25:02,A,ESP32_55A724,dht_gpio27,7,27,27,detected,TP,34,34,detected,TP,19.45
2026-09-27T21:25:22,A,ESP32_55A724,dht_gpio27,8,27,27,detected,TP,34,34,detected,TP,19.46
2026-09-27T21:25:41,A,ESP32_55A724,dht_gpio27,9,27,27,detected,TP,34,34,detected,TP,19.45
2026-09-27T21:26:01,A,ESP32_55A724,dht_gpio27,10,27,27,detected,TP,34,34,detected,TP,19.45
2026-09-27T21:26:20,A,ESP32_55A724,dht_gpio27,11,27,27,detected,TP,34,34,detected,TP,19.46
2026-09-27T21:26:39,A,ESP32_55A724,dht_gpio27,12,27,27,detected,TP,34,34,detected,TP,19.46
2026-09-27T21:26:59,A,ESP32_55A724,dht_gpio27,13,27,27,detected,TP,34,34,detected,TP,19.45
2026-09-27T21:27:18,A,ESP32_55A724,dht_gpio27,14,27,27,detected,TP,34,34,detected,TP,19.46
2026-09-27T21:27:38,A,ESP32_55A724,dht_gpio27,15,27,27,detected,TP,34,34,detected,TP,19.46
2026-09-27T21:27:57,A,ESP32_55A724,dht_gpio27,16,27,27,detected,TP,34,34,detected,TP,19.45
2026-09-27T21:28:17,A,ESP32_55A724,dht_gpio27,17,27,27,detected,TP,34,34,detected,TP,19.46
2026-09-27T21:28:36,A,ESP32_55A724,dht_gpio27,18,27,27,detected,TP,34,34,detected,TP,19.46
2026-09-27T21:28:56,A,ESP32_55A724,dht_gpio27,19,27,27,detected,TP,34,34,detected,TP,19.45
2026-09-27T21:29:15,A,ESP32_55A724,dht_gpio27,20,27,27,detected,TP,34,34,detected,TP,19.45
2026-09-27T21:51:12,B,ESP32_0EBA38,agua,1,15,15,detected,TP,34,34,detected,TP,1.13
2026-09-27T21:51:13,B,ESP32_0EBA38,agua,2,15,15,detected,TP,34,34,detected,TP,1.13
2026-09-27T21:51:14,B,ESP32_0EBA38,agua,3,15,15,detected,TP,34,34,detected,TP,1.13
2026-09-27T21:51:15,B,ESP32_0EBA38,agua,4,15,15,detected,TP,34,34,detected,TP,1.13
2026-09-27T21:51:16,B,ESP32_0EBA38,agua,5,15,15,detected,TP,34,34,detected,TP,1.13
2026-09-27T21:51:18,B,ESP32_0EBA38,agua,6,15,15,detected,TP,34,34,detected,TP,1.13
2026-09-27T21:51:19,B,ESP32_0EBA38,agua,7,15,15,detected,TP,34,34,detected,TP,1.13
2026-09-27T21:51:20,B,ESP32_0EBA38,agua,8,15,15,detected,TP,34,34,detected,TP,1.13
2026-09-27T21:51:21,B,ESP32_0EBA38,agua,9,15,15,detected,TP,34,34,detected,TP,1.13
2026-09-27T21:51:22,B,ESP32_0EBA38,agua,10,15,15,detected,TP,34,34,detected,TP,1.13
2026-09-27T21:51:23,B,ESP32_0EBA38,agua,11,15,15,detected,TP,34,34,detected,TP,1.13
2026-09-27T21:51:24,B,ESP32_0EBA38,agua,12,15,15,detected,TP,34,34,detected,TP,1.13
2026-09-27T21:51:25,B,ESP32_0EBA38,agua,13,15,15,detected,TP,34,34,detected,TP,1.13
2026-09-27T21:51:27,B,ESP32_0EBA38,agua,14,15,15,detected,TP,34,34,detected,TP,1.13
2026-09-27T21:51:28,B,ESP32_0EBA38,agua,15,15,15,detected,TP,34,34,detected,TP,1.13
2026-09-27T21:51:29,B,ESP32_0EBA38,agua,16,15,15,detected,TP,34,34,detected,TP,1.13
2026-09-27T21:51:30,B,ESP32_0EBA38,agua,17,15,15,detected,TP,34,34,detected,TP,1.13
2026-09-27T21:51:31,B,ESP32_0EBA38,agua,18,15,15,detected,TP,34,34,detected,TP,1.13
2026-09-27T21:51:32,B,ESP32_0EBA38,agua,19,15,15,detected,TP,34,34,detected,TP,1.13
2026-09-27T21:51:33,B,ESP32_0EBA38,agua,20,15,15,detected,TP,34,34,detected,TP,1.13
2026-09-27T21:59:14,C,ESP32_1E068C,agua,1,15,15,detected,TP,34,34,detected,TP,1.13
2026-09-27T21:59:15,C,ESP32_1E068C,agua,2,15,15,detected,TP,34,34,detected,TP,1.13
2026-09-27T21:59:16,C,ESP32_1E068C,agua,3,15,15,detected,TP,34,34,detected,TP,1.13
2026-09-27T21:59:17,C,ESP32_1E068C,agua,4,15,15,detected,TP,34,34,detected,TP,1.13
2026-09-27T21:59:18,C,ESP32_1E068C,agua,5,15,15,detected,TP,34,34,detected,TP,1.13
2026-09-27T21:59:19,C,ESP32_1E068C,agua,6,15,15,detected,TP,34,34,detected,TP,1.13
2026-09-27T21:59:21,C,ESP32_1E068C,agua,7,15,15,detected,TP,34,34,detected,TP,1.13
2026-09-27T21:59:22,C,ESP32_1E068C,agua,8,15,15,detected,TP,34,34,detected,TP,1.13
2026-09-27T21:59:23,C,ESP32_1E068C,agua,9,15,15,detected,TP,34,34,detected,TP,1.13
2026-09-27T21:59:24,C,ESP32_1E068C,agua,10,15,15,detected,TP,34,34,detected,TP,1.13
2026-09-27T21:59:25,C,ESP32_1E068C,agua,11,15,15,detected,TP,34,34,detected,TP,1.13
2026-09-27T21:59:26,C,ESP32_1E068C,agua,12,15,15,detected,TP,34,34,detected,TP,1.13
2026-09-27T21:59:27,C,ESP32_1E068C,agua,13,15,15,detected,TP,34,34,detected,TP,1.13
2026-09-27T21:59:28,C,ESP32_1E068C,agua,14,15,15,detected,TP,34,34,detected,TP,1.13
2026-09-27T21:59:30,C,ESP32_1E068C,agua,15,15,15,detected,TP,34,34,detected,TP,1.13
2026-09-27T21:59:31,C,ESP32_1E068C,agua,16,15,15,detected,TP,34,34,detected,TP,1.13
2026-09-27T21:59:32,C,ESP32_1E068C,agua,17,15,15,detected,TP,34,34,detected,TP,1.13
2026-09-27T21:59:33,C,ESP32_1E068C,agua,18,15,15,detected,TP,34,34,detected,TP,1.13
2026-09-27T21:59:34,C,ESP32_1E068C,agua,19,15,15,detected,TP,34,34,detected,TP,1.13
2026-09-27T21:59:35,C,ESP32_1E068C,agua,20,15,15,detected,TP,34,34,detected,TP,1.13
2026-09-27T22:04:07,D,ESP32_1E05A0,agua,1,15,15,detected,TP,34,34,detected,TP,1.13
2026-09-27T22:04:08,D,ESP32_1E05A0,agua,2,15,15,detected,TP,34,34,detected,TP,1.13
2026-09-27T22:04:09,D,ESP32_1E05A0,agua,3,15,15,detected,TP,34,34,detected,TP,1.13
2026-09-27T22:04:10,D,ESP32_1E05A0,agua,4,15,15,detected,TP,34,34,detected,TP,1.13
2026-09-27T22:04:11,D,ESP32_1E05A0,agua,5,15,15,detected,TP,34,34,detected,TP,1.13
2026-09-27T22:04:12,D,ESP32_1E05A0,agua,6,15,15,detected,TP,34,34,detected,TP,1.13
2026-09-27T22:04:14,D,ESP32_1E05A0,agua,7,15,15,detected,TP,34,34,detected,TP,1.13
2026-09-27T22:04:15,D,ESP32_1E05A0,agua,8,15,15,detected,TP,34,34,detected,TP,1.13
2026-09-27T22:04:16,D,ESP32_1E05A0,agua,9,15,15,detected,TP,34,34,detected,TP,1.13
2026-09-27T22:04:17,D,ESP32_1E05A0,agua,10,15,15,detected,TP,34,34,detected,TP,1.13
2026-09-27T22:04:18,D,ESP32_1E05A0,agua,11,15,15,detected,TP,34,34,detected,TP,1.13
2026-09-27T22:04:19,D,ESP32_1E05A0,agua,12,15,15,detected,TP,34,34,detected,TP,1.13
2026-09-27T22:04:20,D,ESP32_1E05A0,agua,13,15,15,detected,TP,34,34,detected,TP,1.13
2026-09-27T22:04:21,D,ESP32_1E05A0,agua,14,15,15,detected,TP,34,34,detected,TP,1.13
2026-09-27T22:04:23,D,ESP32_1E05A0,agua,15,15,15,detected,TP,34,34,detected,TP,1.13
2026-09-27T22:04:24,D,ESP32_1E05A0,agua,16,15,15,detected,TP,34,34,detected,TP,1.13
2026-09-27T22:04:25,D,ESP32_1E05A0,agua,17,15,15,detected,TP,34,34,detected,TP,1.13
2026-09-27T22:04:26,D,ESP32_1E05A0,agua,18,15,15,detected,TP,34,34,detected,TP,1.13
2026-09-27T22:04:27,D,ESP32_1E05A0,agua,19,15,15,detected,TP,34,34,detected,TP,1.13
2026-09-27T22:04:28,D,ESP32_1E05A0,agua,20,15,15,detected,TP,34,34,detected,TP,1.13
